url,name,address,city,state,phone
http://www.taylordollenscpa.com/,Results,"îƒˆ13901 S Western Ave Ste 100, Oklahoma City, OK 73170",Oklahoma City,OK,î‚°(405) 849-5717
http://www.merrymancpa.com/,Results,"îƒˆ206 W Main St, Weatherford, OK 73096",Weatherford,OK,î‚°(580) 772-2611
http://www.rickpaynecpa.com/,Results,"îƒˆ100 N Main St, Thomas, OK 73669",Thomas,OK,î‚°(580) 661-2351
http://www.pk-cpa.com/,Results,"îƒˆ1000 N Main St, Elk City, OK 73644",Elk City,OK,î‚°(580) 225-8877
https://www.rsmcpas.com/,Results,"îƒˆ801 Frisco Ave, Clinton, OK 73601",Clinton,OK,î‚°(580) 323-1766
http://www.quintoncpa.com/,Results,"îƒˆ2019 E State Hwy 152 #103, Mustang, OK 73064",Mustang,OK,î‚°(405) 256-6805
http://cha.cpa/,Results,"îƒˆ1044 SW 16th St, Oklahoma City, OK 73108",Oklahoma City,OK,î‚°(405) 242-0556
http://stingleycpa.com/,Results,"îƒˆ701 Cedar Lake Blvd Ste 440, Oklahoma City, OK 73114",Oklahoma City,OK,î‚°(405) 942-2600
https://wedelrahill.com/,Results,"îƒˆSecond Floor, 1200 NW 63rd St, Oklahoma City, OK 73116",Oklahoma City,OK,î‚°(405) 842-3662
https://clampittcpa.tax/,Results,"îƒˆNorth Side of the Building, 1401 S Douglas Blvd Ste R, Oklahoma City, OK 73130",Oklahoma City,OK,î‚°(405) 736-1099
http://www.tharelcpa.com/,Results,"îƒˆ607 Frisco Ave Ste 200, Clinton, OK 73601",Clinton,OK,î‚°(580) 323-2272
https://www.epsilonaccounting.com/,Results,"îƒˆ2524 N Broadway #503, Edmond, OK 73034",Edmond,OK,î‚°(405) 458-8949
https://jjwoodiecpa.com/,Results,"îƒˆ10400 Greenbriar Pl Ste 100, Oklahoma City, OK 73159",Oklahoma City,OK,î‚°(405) 692-0031
http://www.kriskcpa.com/,Results,"îƒˆ6101 Melrose Ln #106, Oklahoma City, OK 73127",Oklahoma City,OK,î‚°(405) 355-2723
http://www.roncurrycpa.com/?utm_source=NEXT&utm_medium=Google_website,Results,"îƒˆ305 Cedar Ave, Yukon, OK 73099",Yukon,OK,î‚°(405) 354-8376
https://www.facebook.com/RatliffAccounting/,Results,"îƒˆ421 S Rock Island Ave, El Reno, OK 73036",El Reno,OK,î‚°(405) 262-2100
http://www.flintonsmallwoodcpa.com/,Results,"îƒˆ9400 Broadway Ext, Oklahoma City, OK 73114",Oklahoma City,OK,î‚°(405) 478-9595
http://toshainmancpa.com/,Results,"îƒˆ17846 NE 23rd St, Choctaw, OK 73020",Choctaw,OK,î‚°(405) 281-6576
http://www.legacy.cpa/,Results,"îƒˆ502 W Grant Ave, Pauls Valley, OK 73075",Pauls Valley,OK,î‚°(405) 238-6427
http://www.beckyladdcpa.com/,Results,"îƒˆ709 Main St, Vici, OK 73859",Vici,OK,î‚°(580) 995-3150
https://schumpertcpa.com/contact-us,Results,"îƒˆ110 E Kansas Ave, Walters, OK 73572",Walters,OK,î‚°(580) 875-3378
https://www.paulhood.com/welcome-ratliffcpa/,Results,"îƒˆ2020 E 15th St Ste A, Edmond, OK 73013",Edmond,OK,î‚°(405) 478-1800
https://www.bkmcpaspc.com/,Results,"îƒˆ204 E Franklin Ave, Weatherford, OK 73096",Weatherford,OK,î‚°(580) 772-3596
http://www.facebook.com/csiservicesokc,Results,"îƒˆ1233 Sovereign Row, Oklahoma City, OK 73108",Oklahoma City,OK,î‚°(405) 456-9997
https://www.pandhcpa.com/,Results,"îƒˆ3500 W Robinson St STE 104, Norman, OK 73072",Norman,OK,î‚°(405) 366-0101
http://www.facebook.com/taxwiseag,Results,"îƒˆ701 State Hwy 82, Salina, OK 74365",Salina,OK,î‚°(918) 434-5565
http://www.debbierwhitecpa.com/,Results,"îƒˆ1680 SW 86th St, Oklahoma City, OK 73159",Oklahoma City,OK,î‚°(405) 682-1829
http://davisaccountingok.com/,Results,"îƒˆ1115 S Czech Hall Rd, Mustang, OK 73064",Mustang,OK,î‚°(405) 256-0404
http://www.dow-tax.com/,Results,"îƒˆ808 S Main St #314, Stillwater, OK 74074",Stillwater,OK,î‚°(405) 372-7744
http://www.clanincpa.com/,Results,"îƒˆ2498 N Third St, Pensacola, OK 74301",Pensacola,OK,î‚°(918) 782-3773
http://www.tedwebercpa.com/,Results,"îƒˆ1321 E State Hwy 152, Mustang, OK 73064",Mustang,OK,î‚°(405) 376-6655
http://www.accountingsolutionsok.com/,Results,"îƒˆ1605 E 2nd St # 5, Edmond, OK 73034",Edmond,OK,î‚°(405) 359-6550
http://www.taxokc.com/,Results,"îƒˆ32 SW 104th St, Oklahoma City, OK 73139",Oklahoma City,OK,î‚°(405) 237-0257
http://maaaccountingllc.com/,Results,,Dill City,OK,î‚°(405) 999-8290
https://www.rickraineycpa.com/,Results,"îƒˆ104 N State Ave, Elk City, OK 73644",Elk City,OK,î‚°(580) 243-1306
https://www.klbrowncpa.tax/,Results,"îƒˆ106 E 1st St, New Cordell, OK 73632",New Cordell,OK,î‚°(580) 330-2677
http://www.klbrowncpa.tax/,Results,"îƒˆ803 S Main St, Elk City, OK 73644",Elk City,OK,î‚°(580) 225-3040
http://www.millennialaccounting.com/,Results,"îƒˆ1401 S Douglas Blvd A, Midwest City, OK 73130",Midwest City,OK,î‚°(405) 610-3010
https://www.arledge.cpa/,Results,"îƒˆ832 NW 70th St, Oklahoma City, OK 73116",Oklahoma City,OK,î‚°(405) 348-0615
http://www.lutonco.com/,Results,"îƒˆ2615 Kelley Pointe Pkwy, Edmond, OK 73013",Edmond,OK,î‚°(405) 848-7313
https://www.hspgcpas.com/,Results,"îƒˆ5400 N Grand Blvd #330, Oklahoma City, OK 73112",Oklahoma City,OK,î‚°(405) 844-9995
http://www.oscpa.com/,Results,"îƒˆ5201 N Shartel Ave, Oklahoma City, OK 73118",Oklahoma City,OK,î‚°(405) 841-3800
http://www.alltaxafs.com/,Results,"îƒˆ673 N Mockingbird Ln, Madill, OK 73446",Madill,OK,î‚°(580) 872-4674
http://www.drewkimblecpa.com/,Results,"îƒˆ104 S Muskogee Ave, Tahlequah, OK 74464",Tahlequah,OK,î‚°(539) 210-2613
http://www.willcpas.com/,Results,"îƒˆ112 W Choctaw St Suite 2, Tahlequah, OK 74464",Tahlequah,OK,î‚°(918) 456-6178
http://www.hogantaylor.com/,Results,"îƒˆ1225 N Broadway Ave, Oklahoma City, OK 73103",Oklahoma City,OK,î‚°(405) 848-2020
https://www.eidebailly.com/locations/norman,Results,"îƒˆ3501 24th Ave NW Ste. 201, Norman, OK 73069",Norman,OK,î‚°(405) 292-2900
https://www.mccloudea.com/,Results,"îƒˆ110 W Kenosha St, Broken Arrow, OK 74012",Broken Arrow,OK,î‚°(918) 205-1350
http://www.thespringercompany.com/,Results,,Dill City,OK,î‚°(405) 753-0729
http://ajb-cpas.com/,Results,"îƒˆ2700 S 4th St, Chickasha, OK 73018",Chickasha,OK,î‚°(405) 224-6363
http://www.oklahomacity-accountant.com/,Results,"îƒˆ2524 N Broadway, Edmond, OK 73034",Edmond,OK,î‚°(405) 684-0486
http://www.steinbach.cpa/,Results,"îƒˆ1704 S Blvd ste b, Edmond, OK 73013",Edmond,OK,î‚°(405) 348-3534
http://www.heritagecpas.com/,Results,"îƒˆ5749 NW 132nd St, Oklahoma City, OK 73142",Oklahoma City,OK,î‚°(405) 803-8088
http://www.ascensioncpa.com/,Results,"îƒˆ2123 SW 119th St, Oklahoma City, OK 73170",Oklahoma City,OK,î‚°(405) 759-2796
http://long-cpa.com/,Results,"îƒˆ101 E Main St, Hydro, OK 73048",Hydro,OK,î‚°(800) 687-4764
